CDBETCOND; BTWBEREKENEN; BEDRAGBTW; BTWAANGEPAST; CDBTW; CDAANMANEN; CDDAGBOEK; CDDEBITEUR; FACTSALDO; FACTDATUM; FACTNUMMER; PERIODE
14;J;225,54;N;2;J;80;D00002;1299,54;30-05-2019;GL3052019;5;
14;J;72,744;N;2;J;80;D00001;419,144;30-05-2019;WR3052019;5;
14;J;36,372;N;2;J;80;D00003;209,572;31-05-2019;MW3152019;5;
14;J;229,32;N;2;J;80;D00002;1321,32;16-06-2019;GL2019166;6;
14;J;84,11025;N;2;J;80;D00003;484,63525;16-06-2019;F3052020;6;
14;J;27,279;N;2;J;80;D00001;157,179;20-06-2019;WR2019206;6;
14;J;225,05175;N;2;J;80;D00001;1296,72675;29-06-2019;WR2962019;6;
14;J;42,84;N;2;J;80;D00002;246,84;29-06-2019;GL2962019;6;
14;J;56,83125;N;2;J;80;D00003;327,45625;29-06-2019;MB2962019;6;
14;J;61,37775;N;2;J;80;D00001;353,65275;13-07-2019;R1372019;7;
14;J;36,372;N;2;J;80;D00003;209,572;13-07-2019;MB1372019;7;
14;J;249,375;N;2;J;80;D00004;1436,875;13-07-2019;DH1372019;7;
14;J;40,9185;N;2;J;80;D00001;235,7685;26-07-2019;WR2672019;7;
14;J;170,625;N;2;J;80;D00004;983,125;26-07-2019;DH2672019;7;
14;J;105,84;N;2;J;80;D00002;609,84;26-07-2019;GL2672019;7;
14;J;40,9185;N;2;J;80;D00001;235,7685;11-08-2019;WR1182019;8;
14;J;36,372;N;2;J;80;D00003;209,572;11-08-2019;MB1182019;8;
14;J;332,64;N;2;J;80;D00002;1916,64;11-08-2019;GL1182019;8;
14;J;44,625;N;2;J;80;D00004;257,125;11-08-2019;DH1182019;8;
14;J;246,96;N;2;J;80;D00002;1422,96;23-08-2019;GL2382019;8;
14;J;68,1975;N;2;J;80;D00001;392,9475;23-08-2019;WR2382019;8;
14;J;72,744;N;2;J;80;D00003;419,144;23-08-2019;MB2382019;8;
14;J;42;N;2;J;80;D00004;242;08-09-2019;DH0892019;9;
14;J;211,68;N;2;J;80;D00002;1219,68;08-09-2019;GL0892019;9;
14;J;40,32;N;2;J;80;D00003;232,32;08-09-2019;MB0892019;9;
14;J;31,605;N;2;J;80;D00001;182,105;09-09-2019;WR0992019;9;
14;J;72,24;N;2;J;80;D00001;416,24;19-09-2019;WR1992019;9;
14;J;36,12;N;2;J;80;D00003;208,12;19-09-2019;MB1992019;9;
14;J;321,3;N;2;J;80;D00002;1851,3;19-09-2019;GL1992019;9;
14;J;197,53125;N;2;J;80;D00001;1138,15625;06-10-2019;WR6102019;10;
14;J;185,115;N;2;J;80;D00006;1066,615;06-10-2019;ER6102019;10;
14;J;295,7325;N;2;J;80;D00005;1703,9825;06-10-2019;F6102020;10;
14;J;79,0125;N;2;J;80;D00003;455,2625;09-10-2019;MB91022019;10;
14;J;22,575;N;2;J;80;D00001;130,075;22-10-2019;WR221019;10;
14;J;24,8325;N;2;J;80;D00006;143,0825;22-10-2019;ER221019;10;
14;J;163,8;N;2;J;80;D00002;943,8;22-10-2019;GL221019;10;
14;J;47,4075;N;2;J;80;D00003;273,1575;22-10-2019;MB221019;10;
14;J;72,24;N;2;J;80;D00001;416,24;03-11-2019;WR3112019;11;
14;J;42,8925;N;2;J;80;D00003;247,1425;03-11-2019;MB3112019;11;
14;J;371,7;N;2;J;80;D00002;2141,7;03-11-2019;GL3112019;11;
14;J;72,24;N;2;J;80;D00001;416,24;17-11-2019;WR171119;11;
14;J;22,575;N;2;J;80;D00003;130,075;17-11-2019;MB171119;11;
14;J;237,6;N;2;J;80;D00002;1227,6;17-11-2019;GL171119;11;
14;J;340,2;N;2;J;80;D00002;1960,2;09-12-2019;GL09122019;12;
14;J;72,24;N;2;J;80;D00001;416,24;16-12-2019;WR16122019;12;
14;J;36,12;N;2;J;80;D00003;208,12;16-12-2019;MB16122019;12;
14;J;10,5;N;2;J;80;D00002;60,5;16-12-2019;GL16122019;12;
14;J;1020,6;N;2;J;80;D00002;5880,6;26-04-2020;GL26042020;4;
14;J;153,51;N;2;J;80;D00003;884,51;26-04-2020;MB2642020;4;
14;J;307,02;N;2;J;80;D00001;1769,02;26-04-2020;WR2642020;4;
14;J;351,54;N;2;J;80;D00002;2025,54;10-05-2020;GL10052020;5;
14;J;72,24;N;2;J;80;D00001;416,24;10-05-2020;WR10052020;5;
14;J;36,12;N;2;J;80;D00003;208,12;10-05-2020;MB10052020;5;
14;J;47,25;N;2;J;80;D00007;272,25;17-05-2020;SH17052020;5;
14;J;21;N;2;J;80;D00004;121;24-05-2020;24052020;5;
14;J;270,9;N;2;J;80;D00002;1560,9;24-05-2020;GL24052020;5;
14;J;97,0725;N;2;J;80;D00003;559,3225;24-05-2020;MB24052020;5;
14;J;36,12;N;2;J;80;D00001;208,12;24-05-2020;WR24052020;5;
14;J;13,545;N;2;J;80;D00005;78,045;24-05-2020;RR24052020;5;
14;J;330,12;N;2;J;80;D00002;1902,12;06-06-2020;GL6062020;6;
14;J;72,24;N;2;J;80;D00003;416,24;06-06-2020;MB6062020;6;
14;J;36,12;N;2;J;80;D00001;208,12;06-06-2020;WR6062020;6;
14;J;27,3;N;2;J;80;D00008;157,3;20-06-2020;RB2062020;6;
14;J;72,24;N;2;J;80;D00001;416,24;20-06-2020;WR2062020;6;
14;J;322,56;N;2;J;80;D00002;1858,56;20-06-2020;GL2062020;6;
14;J;83,895;N;2;J;80;D00003;483,395;20-06-2020;MB2062020;6;
14;J;72,24;N;2;J;80;D00001;416,24;03-07-2020;WR3072020;7;
14;J;253,26;N;2;J;80;D00002;1459,26;03-07-2020;GL3072020;7;
14;J;46,27875;N;2;J;80;D00003;266,65375;03-07-2020;MB3072020;7;
14;J;31,0275;N;2;J;80;D00009;178,7775;03-07-2020;TA024062020;7;
14;J;72,24;N;2;J;80;D00006;416,24;17-07-2020;ER17072020;7;
14;J;114,1875;N;2;J;80;D00003;657,9375;17-07-2020;MB17072020;7;
14;J;72,24;N;2;J;80;D00001;416,24;17-07-2020;WR17072020;7;
14;J;241,5525;N;2;J;80;D00002;1391,8025;17-07-2020;GL17072020;7;
14;J;113,4;N;2;J;80;D00007;653,4;17-07-2020;SH17072020;7;
14;J;26,25;N;2;J;80;D00010;151,25;17-07-2020;DB17072020;7;
14;J;154,98;N;2;J;80;D00011;892,98;29-07-2020;IReal29072020;7;
14;J;80,01;N;2;J;80;D00001;461,01;29-07-2020;WR29072020;7;
14;J;110,88;N;2;J;80;D00002;638,88;29-07-2020;GL29072020;7;
14;J;40,635;N;2;J;80;D00003;234,135;29-07-2020;MB29072020;7;
14;J;36,12;N;2;J;80;D00001;208,12;09-08-2020;WR09082020;8;
14;J;253,26;N;2;J;80;D00002;1459,26;09-08-2020;GL09082020;8;
14;J;27,09;N;2;J;80;D00003;156,09;09-08-2020;MB09082020;8;
14;J;42;N;2;J;80;D00012;242;09-08-2020;HK09082020;8;
14;J;58,8;N;2;J;80;D00004;338,8;09-08-2020;DH09082020;8;
14;J;108,36;N;2;J;80;D00001;624,36;23-08-2020;WR23082020;8;
14;J;272,16;N;2;J;80;D00002;1568,16;23-08-2020;GL23082020;8;
14;J;47,775;N;2;J;80;D00004;275,275;23-08-2020;DH23082020;8;
14;J;163,275;N;2;J;80;D00013;940,775;23-08-2020;GT23082020;8;
14;J;207,9;N;2;J;80;D00002;1197,9;06-09-2020;GL06092020;9;
14;J;76,755;N;2;J;80;D00001;442,255;06-09-2020;WR06092020;9;
14;J;5,64375;N;2;J;80;D00003;32,51875;06-09-2020;MB06092020;9;
14;J;82,6875;N;2;J;80;D00013;476,4375;28-09-2020;GT28092020;9;
14;J;337,218;N;2;J;80;D00001;1943,018;28-09-2020;WR28092020;9;
14;J;190,575;N;2;J;80;D00003;1098,075;28-09-2020;MB28092020;9;
14;J;21,525;N;2;J;80;D00010;124,025;28-09-2020;DB28092020;9;
14;J;208,593;N;2;J;80;D00005;1201,893;28-09-2020;RR28092020;9;
14;J;24,8325;N;2;J;80;D00005;143,0825;28-09-2020;RR29092020;9;
14;J;346,01175;N;2;J;80;D00006;1993,68675;28-09-2020;ER28092020;9;
14;J;15,8025;N;2;J;80;D00005;91,0525;10-10-2020;RR10102020;10;
14;J;64,65375;N;2;J;80;D00001;372,52875;10-10-2020;WR10102020;10;
14;J;46,06875;N;2;J;80;D00004;265,44375;10-10-2020;DH10102020;10;
14;J;55,44;N;2;J;80;D00002;319,44;10-10-2020;GL10102020;10;
14;J;36,12;N;2;J;80;D00003;208,12;10-10-2020;MB10102020;10;
14;J;72,24;N;2;J;80;D00001;416,24;25-10-2020;WR25102020;10;
14;J;64,33875;N;2;J;80;D00003;370,71375;25-10-2020;MB25102020;10;
14;J;195,3;N;2;J;80;D00002;1125,3;25-10-2020;GL25102020;10;
14;J;115,5;N;2;J;80;D00014;665,5;25-10-2020;EL25102020;10;
14;J;18,9;N;2;J;80;D00004;108,9;25-10-2020;DH25102020;10;
14;J;112,875;N;2;J;80;D00001;650,375;08-11-2020;WR08112020;11;
14;J;160,02;N;2;J;80;D00002;922,02;08-11-2020;GL08112020;11;
14;J;15,8025;N;2;J;80;D00003;91,0525;08-11-2020;MB08112020;11;
14;J;48,825;N;2;J;80;D00007;281,325;08-11-2020;SH08112020;11;
14;J;72,24;N;2;J;80;D00001;416,24;22-11-2020;WR22112020;11;
14;J;165,06;N;2;J;80;D00002;951,06;22-11-2020;GL22112020;11;
14;J;80,87625;N;2;J;80;D00003;466,00125;22-11-2020;MB22112020;11;
14;J;22,8375;N;2;J;80;D00007;131,5875;22-11-2020;SH22112020;11;
14;J;86,835;N;2;J;80;D00013;500,335;22-11-2020;GT22112020;11;
14;J;158,76;N;2;J;80;D00002;914,76;06-12-2020;GL06122020;12;
14;J;41,86875;N;2;J;80;D00014;241,24375;06-12-2020;EL06122020;12;
14;J;46,2;N;2;J;80;D00014;266,2;06-12-2020;EL06102020;12;
14;J;36,12;N;2;J;80;D00003;208,12;06-12-2020;MB06122020;12;
14;J;36,12;N;2;J;80;D00001;208,12;06-12-2020;WR06122020;12;
14;J;26,46;N;2;J;80;D00002;152,46;20-12-2020;GL20122020;12;
14;J;36,12;N;2;J;80;D00003;208,12;20-12-2020;MB20122020;12;
14;J;44,1;N;2;J;80;D00002;254,1;29-12-2020;GL29122020;12;
14;J;36,12;N;2;J;80;D00001;208,12;29-12-2020;WR29122020;12;
14;J;434,175;N;2;J;80;D00007;2501,675;29-12-2020;SH29122020;12;
14;J;126,2625;N;2;J;80;D00015;727,5125;12-01-2021;2021001;1;
14;J;11,2875;N;2;J;80;D00001;65,0375;17-01-2021;2021002;1;
14;J;37,8;N;2;J;80;D00002;217,8;17-01-2021;2021003;1;
14;J;46,2;N;2;J;80;D00014;266,2;17-01-2021;2021004;1;
14;J;36,12;N;2;J;80;D00003;208,12;17-01-2021;2021005;1;
14;J;465,15;N;2;J;80;D00007;2680,15;24-01-2021;2021006;1;
14;J;36,12;N;2;J;80;D00001;208,12;24-01-2021;2021007;1;
14;J;133,875;N;2;J;80;D00007;771,375;24-01-2021;2021008;1;
14;J;36,12;N;2;J;80;D00003;208,12;24-01-2021;2021009;1;
14;J;72,24;N;2;J;80;D00001;416,24;07-02-2021;202010;2;
14;J;67,725;N;2;J;80;D00003;390,225;07-02-2021;2021011;2;
14;J;198,45;N;2;J;80;D00007;1143,45;07-02-2021;2021012;2;
14;J;159,7575;N;2;J;80;D00004;920,5075;07-02-2021;2021013;2;
14;J;14,4375;N;2;J;80;D00013;83,1875;10-02-2021;2021014;2;
14;J;59,85;N;2;J;80;D00016;344,85;10-02-2021;2021015;2;
14;J;239,61;N;2;J;80;D00017;1380,61;11-02-2021;2021016;2;
14;J;46,62;N;2;J;80;D00001;268,62;21-02-2021;2021017;2;
14;J;36,12;N;2;J;80;D00003;208,12;21-02-2021;2021018;2;
14;J;273,42;N;2;J;80;D00002;1575,42;09-03-2021;2021019;3;
14;J;72,24;N;2;J;80;D00001;416,24;09-03-2021;2021020;3;
14;J;36,12;N;2;J;80;D00003;208,12;09-03-2021;2021021;3;
14;J;12,6;N;2;J;80;D00004;72,6;09-03-2021;2021022;3;
14;J;1131,375;N;2;J;80;D00015;6518,875;17-03-2021;2021023;3;
14;J;307,7235;N;2;J;80;D00004;1773,0735;17-03-2021;2021024;3;
14;J;78,75;N;2;J;80;D00007;453,75;17-03-2021;2021025;3;
14;J;110,6175;N;2;J;80;D00003;637,3675;28-03-2021;2021026;3;
14;J;72,24;N;2;J;80;D00001;416,24;28-03-2021;2021027;3;
14;J;223,02;N;2;J;80;D00002;1285,02;28-03-2021;2021028w;3;
14;J;31,5;N;2;J;80;D00016;181,5;28-03-2021;2021028;3;
14;J;237,0375;N;2;J;80;D00018;1365,7875;05-04-2021;2021029;4;
14;J;637,0875;N;2;J;80;D00015;3670,8375;05-04-2021;2021030;4;
14;J;36,12;N;2;J;80;D00001;208,12;05-04-2021;2021031;4;
14;J;11,2875;N;2;J;80;D00003;65,0375;05-04-2021;2021032;4;
14;J;40,425;N;2;J;80;D00007;232,925;06-04-2021;2021033;4;
14;J;263,8125;N;2;J;80;D00007;1520,0625;11-04-2021;2021034;4;
14;J;5,775;N;2;J;80;D00004;33,275;11-04-2021;2021035;4;
14;J;50,4;N;2;J;80;D00015;290,4;11-04-2021;2021036;4;
14;J;12,6;N;2;J;80;D00007;72,6;19-04-2021;2021037;4;
14;J;56,4375;N;2;J;80;D00003;325,1875;19-04-2021;2021038;4;
14;J;36,12;N;2;J;80;D00001;208,12;19-04-2021;2021039;4;
14;J;36,12;N;2;J;80;D00001;208,12;25-04-2021;2021040;4;
14;J;49,665;N;2;J;80;D00003;286,165;25-04-2021;2021041;4;
14;J;85,3125;N;2;J;80;D00019;491,5625;25-04-2021;2021042;4;
14;J;14,7;N;2;J;80;D00020;84,7;25-04-2021;2021043;4;
14;J;56,9625;N;2;J;80;D00007;328,2125;25-04-2021;2021044;4;
14;J;136,815;N;2;J;80;D00015;788,315;28-04-2021;2021045;4;
14;J;21,525;N;2;J;80;D00021;124,025;28-04-2021;2021046;4;
14;J;93,555;N;2;J;80;D00004;539,055;03-05-2021;2021047;5;
14;J;184,5375;N;2;J;80;D00022;1063,2875;09-05-2021;2021048;5;
14;J;146,7375;N;2;J;80;D00001;845,4875;15-05-2021;2021049;5;
14;J;133,1925;N;2;J;80;D00003;767,4425;15-05-2021;2021050;5;
14;J;106,8375;N;2;J;80;D00014;615,5875;15-05-2021;2021052;5;
14;J;311,0625;N;2;J;80;D00009;1792,3125;15-05-2021;2021053;5;
14;J;379,575;N;2;J;80;D00022;2187,075;30-05-2021;2021054;5;
14;J;44,73;N;2;J;80;D00003;257,73;30-05-2021;2021055;5;
14;J;36,12;N;2;J;80;D00001;208,12;30-05-2021;2021056;5;
14;J;114,345;N;2;J;80;D00023;658,845;01-06-2021;2021057;6;
14;J;95,2875;N;2;J;80;D00014;549,0375;06-06-2021;2021058;6;
14;J;128,6775;N;2;J;80;D00001;741,4275;17-06-2021;2021059;6;
14;J;11,739;N;2;J;80;D00001;67,639;17-06-2021;2021060;6;
14;J;25,284;N;2;J;80;D00005;145,684;17-06-2021;2021061;6;
14;J;25,284;N;2;J;80;D00006;145,684;17-06-2021;2021062;6;
14;J;106,1025;N;2;J;80;D00003;611,3525;17-06-2021;2021063;6;
14;J;10,5;N;2;J;80;D00015;60,5;17-06-2021;2021064;6;
14;J;96,6;N;2;J;80;D00013;556,6;17-06-2021;2021065;6;
14;J;164,85;N;2;J;80;D00007;949,85;17-06-2021;2021066;6;
14;J;14,7;N;2;J;80;D00015;84,7;17-06-2021;2021067;6;
14;J;5,9703;N;2;J;80;D00007;34,4003;24-06-2021;2021068;6;
14;J;287,7;N;2;J;80;D00022;1657,7;27-06-2021;2021069;6;
14;J;58,0125;N;2;J;80;D00007;334,2625;27-06-2021;2021070;6;
14;J;36,12;N;2;J;80;D00003;208,12;27-06-2021;2021071;6;
14;J;179,47125;N;2;J;80;D00001;1034,09625;11-07-2021;2021072;7;
14;J;96,4425;N;2;J;80;D00001;555,6925;11-07-2021;2021073;7;
14;J;119,4375;N;2;J;80;D00018;688,1875;11-07-2021;2021074;7;
14;J;522,1125;N;2;J;80;D00007;3008,3625;11-07-2021;2021075;7;
14;J;43,3125;N;2;J;80;D00014;249,5625;11-07-2021;2021076;7;
14;J;92,5575;N;2;J;80;D00003;533,3075;11-07-2021;2021077;7;
14;J;288,015;N;2;J;80;D00024;1659,515;25-07-2021;2021078;7;
14;J;203,9625;N;2;J;80;D00007;1175,2125;28-07-2021;2021079;7;
14;J;25,2;N;2;J;80;D00024;145,2;30-07-2021;2021080;7;
14;J;267,33;N;2;J;80;D00004;1540,33;05-08-2021;2021081;8;
14;J;171,57;N;2;J;80;D00001;988,57;05-08-2021;2021082;8;
14;J;97,0725;N;2;J;80;D00003;559,3225;05-08-2021;2021083;8;
14;J;35,28;N;2;J;80;D00002;203,28;05-08-2021;2021084;8;
14;J;137,3547;N;2;J;80;D00025;791,4247;08-08-2021;2021085;8;
14;J;96,73125;N;2;J;80;D00014;557,35625;08-08-2021;2021086;8;
14;J;31,2375;N;2;J;80;D00019;179,9875;19-08-2021;2021087;8;
14;J;174,5625;N;2;J;80;D00007;1005,8125;19-08-2021;2021088;8;
14;J;72,24;N;2;J;80;D00003;416,24;19-08-2021;2021089;8;
14;J;49,0875;N;2;J;80;D00014;282,8375;19-08-2021;2021090;8;
14;J;72,24;N;2;J;80;D00001;416,24;19-08-2021;2021091;8;
14;J;127,575;N;2;J;80;D00004;735,075;19-08-2021;2021092;8;
14;J;131,796;N;2;J;80;D00026;759,396;06-09-2021;2021093;9;
14;J;42,2625;N;2;J;80;D00025;243,5125;06-09-2021;2021094;9;
14;J;156,1875;N;2;J;80;D00007;899,9375;06-09-2021;2021095;9;
14;J;79,0125;N;2;J;80;D00005;455,2625;12-09-2021;2021096;9;
14;J;76,755;N;2;J;80;D00001;442,255;12-09-2021;2021097;9;
14;J;72,24;N;2;J;80;D00003;416,24;12-09-2021;2021098;9;
14;J;34,02;N;2;J;80;D00004;196,02;12-09-2021;2021099;9;
14;J;50,53125;N;2;J;80;D00014;291,15625;12-09-2021;2021100;9;
14;J;672,2625;N;2;J;80;D00010;3873,5125;19-09-2021;2021101;9;
14;J;73,5;N;2;J;80;D00027;423,5;19-09-2021;2021102;9;
14;J;20,3175;N;2;J;80;D00003;117,0675;19-09-2021;2021103;9;
14;J;53,05125;N;2;J;80;D00001;305,67625;28-09-2021;2021104;9;
14;J;58,66875;N;2;J;80;D00003;338,04375;28-09-2021;2021105;9;
14;J;49,665;N;2;J;80;D00005;286,165;28-09-2021;2021106;9;
14;J;12,41625;N;2;J;80;D00006;71,54125;28-09-2021;2021107;9;
14;J;85,68;N;2;J;80;D00002;493,68;28-09-2021;2021108;9;
14;J;334,11;N;2;J;80;D00001;1925,11;17-10-2021;2021109;10;
14;J;126,42;N;2;J;80;D00006;728,42;17-10-2021;2021110;10;
14;J;103,24125;N;2;J;80;D00003;594,86625;17-10-2021;2021111;10;
14;J;194,145;N;2;J;80;D00005;1118,645;17-10-2021;2021112;10;
14;J;11,025;N;2;J;80;D00013;63,525;17-10-2021;2021113;10;
14;J;48,93;N;2;J;80;D00024;281,93;17-10-2021;2021114;10;
14;J;56,5635;N;2;J;80;D00003;325,9135;24-10-2021;2021115;10;
14;J;408,114;N;2;J;80;D00007;2351,514;24-10-2021;2021116;10;
14;J;404,6931;N;2;J;80;D00028;2331,8031;02-11-2021;2021117;11;
14;J;102,8475;N;2;J;80;D00026;592,5975;02-11-2021;2021118;11;
14;J;7,266;N;2;J;80;D00028;41,866;03-11-2021;2021120;11;
14;J;537,1128;N;2;J;80;D00022;3094,7928;13-11-2021;2021121;11;
14;J;329,763;N;2;J;80;D00029;1900,063;13-11-2021;2021122;11;
14;J;147,86625;N;2;J;80;D00001;851,99125;13-11-2021;2021123;11;
14;J;117,25875;N;2;J;80;D00003;675,63375;13-11-2021;2021124;11;
14;J;50,53125;N;2;J;80;D00014;291,15625;13-11-2021;2021125;11;
14;J;48,51;N;2;J;80;D00001;279,51;28-11-2021;2021126;11;
14;J;15,75;N;2;J;80;D00028;90,75;28-11-2021;2021127;11;
14;J;88,2;N;2;J;80;D00002;508,2;28-11-2021;2021128;11;
14;J;15,75;N;2;J;80;D00007;90,75;28-11-2021;2021129;11;
14;J;319,725;N;2;J;80;D00010;1842,225;28-11-2021;2021130;11;
14;J;28,21875;N;2;J;80;D00003;162,59375;28-11-2021;2021131;11;
14;J;242,55;N;2;J;80;D00030;1397,55;03-12-2021;2021132;12;
14;J;833,7;N;2;J;80;D00007;4803,7;18-12-2021;2021133;12;
14;J;9,03;N;2;J;80;D00003;52,03;18-12-2021;2021134;12;
14;J;48,53625;N;2;J;80;D00001;279,66125;31-12-2021;2021135;12;
14;J;30,0825;N;2;J;80;D00003;173,3325;31-12-2021;20210136;12;
14;J;31,7625;N;2;J;80;D00014;183,0125;31-12-2021;20210137;12;
14;J;93,555;N;2;J;80;D00004;539,055;31-12-2021;20210138;12;
14;J;6,3;N;2;J;80;D00014;36,3;01-01-2022;2022001;1;
14;J;43,26;N;2;J;80;D00004;249,26;01-01-2022;2022002;1;
14;J;90,72;N;2;J;80;D00004;522,72;18-01-2022;2022003;1;
14;J;36,12;N;2;J;80;D00001;208,12;18-01-2022;2022004;1;
14;J;38,3775;N;2;J;80;D00003;221,1275;18-01-2022;2022005;1;
14;J;479,22;N;2;J;80;D00007;2761,22;19-01-2022;2022006;1;
14;J;65,4675;N;2;J;80;D00001;377,2175;06-02-2022;2022007;2;
14;J;99,33;N;2;J;80;D00003;572,33;06-02-2022;2022008;2;
14;J;287,7525;N;2;J;80;D00004;1658,0025;06-02-2022;2022009;2;
14;J;10,7625;N;2;J;80;D00008;62,0125;06-02-2022;2022010;2;
14;J;72,24;N;2;J;80;D00001;416,24;22-02-2022;2022011;2;
14;J;189,945;N;2;J;80;D00004;1094,445;22-02-2022;2022012;2;
14;J;48,53625;N;2;J;80;D00003;279,66125;22-02-2022;2022013;2;
14;J;5,145;N;2;J;80;D00026;29,645;22-02-2022;2022014;2;
14;J;47,25;N;2;J;80;D00018;272,25;22-02-2022;2022015;2;
14;J;23,625;N;2;J;80;D00004;136,125;22-02-2022;2022016;2;
14;J;304,8276;N;2;J;80;D00021;1756,3876;22-02-2022;2022017;2;
14;J;1387,2297;N;2;J;80;D00031;8342,7997;23-02-2022;2022018;2;
14;J;41,1075;N;2;J;80;D00004;236,8575;03-03-2022;2022020;3;
14;J;77,28;N;2;J;80;D00001;445,28;03-03-2022;2022021;3;
14;J;158,34;N;2;J;80;D00007;912,34;08-03-2022;2022022;3;
14;J;49,56;N;2;J;80;D00022;285,56;08-03-2022;2022023;3;
14;J;384,0375;N;2;J;80;D00010;2212,7875;16-03-2022;2022024;3;
14;J;87,78;N;2;J;80;D00003;505,78;16-03-2022;2022025;3;
14;J;31,395;N;2;J;80;D00001;180,895;16-03-2022;2022026;3;
14;J;161,4375;N;2;J;80;D00015;930,1875;16-03-2022;2022027;3;
14;J;937,7025;N;2;J;80;D00032;5402,9525;21-03-2022;2022028;3;
14;J;187,047;N;2;J;80;D00003;1077,747;03-04-2022;2022029;4;
14;J;79,0125;N;2;J;80;D00001;455,2625;03-04-2022;2022030;4;
14;J;233,6775;N;2;J;80;D00007;1346,4275;03-04-2022;2022031;4;
14;J;77,28;N;2;J;80;D00001;445,28;17-04-2022;2022032;4;
14;J;120,96;N;2;J;80;D00007;696,96;17-04-2022;2022033;4;
14;J;75,0225;N;2;J;80;D00022;432,2725;17-04-2022;2022034;4;
14;J;49,0875;N;2;J;80;D00014;282,8375;17-04-2022;2022035;4;
14;J;38,64;N;2;J;80;D00003;222,64;17-04-2022;2022036;4;
14;J;160,65;N;2;J;80;D00007;925,65;17-04-2022;2022037;4;
14;J;50,61;N;2;J;80;D00004;291,61;17-04-2022;2022038;4;
14;J;3,4104;N;2;J;80;D00007;19,6504;17-04-2022;2022039;4;
14;J;92,61;N;2;J;80;D00028;533,61;27-04-2022;2022040;4;
14;J;96,39;N;2;J;80;D00004;555,39;01-05-2022;2022041;5;
14;J;83,16;N;2;J;80;D00002;479,16;01-05-2022;2022042;5;
14;J;107,4675;N;2;J;80;D00003;619,2175;01-05-2022;2022043;5;
14;J;2,604;N;2;J;80;D00003;15,004;01-05-2022;2022044;5;
14;J;51,9225;N;2;J;80;D00001;299,1725;01-05-2022;2022045;5;
14;J;45,633;N;2;J;80;D00021;262,933;08-05-2022;2022046;5;
14;J;578,7201;N;2;J;80;D00007;3334,5301;08-05-2022;2022047;5;
14;J;9,45;N;2;J;80;D00013;54,45;08-05-2022;2022048;5;
14;J;155,61;N;2;J;80;D00033;896,61;17-05-2022;2022049;5;
14;J;73,71;N;2;J;80;D00001;424,71;17-05-2022;2022050;5;
14;J;149,73;N;2;J;80;D00003;862,73;17-05-2022;2022051;5;
14;J;82,593;N;2;J;80;D00005;475,893;17-05-2022;2022052;5;
14;J;29,463;N;2;J;80;D00006;169,763;17-05-2022;2022053;5;
14;J;21;N;2;J;80;D00007;121;19-05-2022;2022054;5;
14;J;714,042;N;2;J;80;D00026;4114,242;20-05-2022;2022055;5;
14;J;1680;N;2;J;80;D00034;9680;22-05-2022;2022056;5;
14;J;66,15;N;2;J;80;D00023;381,15;29-05-2022;2022057;5;
14;J;640,08;N;2;J;80;D00018;3688,08;31-05-2022;2022058;5;
14;J;35,2275;N;2;J;80;D00035;202,9775;04-06-2022;2022059;6;
14;J;86,1525;N;2;J;80;D00001;496,4025;04-06-2022;2022060;6;
14;J;43,47;N;2;J;80;D00003;250,47;04-06-2022;2022061;6;
14;J;154,98;N;2;J;80;D00026;892,98;04-06-2022;2022062;6;
14;J;532,35;N;2;J;80;D00007;3067,35;16-06-2022;2022063;6;
14;J;93,03;N;2;J;80;D00001;536,03;16-06-2022;2022064;6;
14;J;6,3756;N;2;J;80;D00007;36,7356;16-06-2022;2022065;6;
14;J;6,0984;N;2;J;80;D00007;35,1384;18-06-2022;2022066;6;
14;J;151,2;N;2;J;80;D00036;871,2;30-06-2022;2022067;6;
14;J;1307,586;N;2;J;80;D00033;7534,186;07-07-2022;2022068;7;
14;J;259,035;N;2;J;80;D00003;1492,535;07-07-2022;2022069;7;
14;J;121,8;N;2;J;80;D00007;701,8;23-07-2022;2022070;7;
14;J;173,88;N;2;J;80;D00001;1001,88;23-07-2022;2022071;7;
14;J;207,228;N;2;J;80;D00003;1194,028;23-07-2022;2022073;7;
14;J;56,7;N;2;J;80;D00004;326,7;23-07-2022;2022074;7;
14;J;454,335;N;2;J;80;D00033;2617,835;28-07-2022;2022075;7;
14;J;138,18;N;2;J;80;D00007;796,18;07-08-2022;2022076;8;
14;J;132,93;N;2;J;80;D00001;765,93;07-08-2022;2022077;8;
14;J;134,61;N;2;J;80;D00003;775,61;09-08-2022;2022078;8;
14;J;206,955;N;2;J;80;D00004;1192,455;09-08-2022;2022079;8;
14;J;36,54;N;2;J;80;D00001;210,54;09-08-2022;2022080;8;
14;J;1253,7;N;2;J;80;D00026;7223,7;09-08-2022;2022081;8;
14;J;165,858;N;2;J;80;D00001;955,658;27-08-2022;2022082;8;
14;J;164,01;N;2;J;80;D00004;945,01;27-08-2022;2022083;8;
14;J;266,868;N;2;J;80;D00003;1537,668;27-08-2022;2022084;8;
14;J;48,3;N;2;J;80;D00007;278,3;27-08-2022;2022085;8;
14;J;81,06;N;2;J;80;D00004;467,06;11-09-2022;2022086;9;
14;J;136,08;N;2;J;80;D00001;784,08;11-09-2022;2022087;9;
14;J;161,07;N;2;J;80;D00003;928,07;11-09-2022;2022088;9;
14;J;34,44;N;2;J;80;D00004;198,44;11-09-2022;2022089;9;
14;J;76,965;N;2;J;80;D00028;443,465;15-09-2022;2022090;9;
14;J;251,16;N;2;J;80;D00001;1447,16;15-09-2022;2022091;9;
14;J;154,98;N;2;J;80;D00003;892,98;15-09-2022;2022092;9;
14;J;233,625;N;2;J;80;D00005;1346,125;15-09-2022;2022093;9;
14;J;212,625;N;2;J;80;D00006;1225,125;15-09-2022;2022094;9;
14;J;229,299;N;2;J;80;D00007;1321,199;25-09-2022;2022095;9;
14;J;82,11;N;2;J;80;D00003;473,11;25-09-2022;2022096;9;
14;J;911,3685;N;2;J;80;D00022;5251,2185;25-09-2022;2022097;9;
14;J;102,06;N;2;J;80;D00002;588,06;05-10-2022;2022098;10;
14;J;411,894;N;2;J;80;D00037;2373,294;05-10-2022;2022099;10;
14;J;77,28;N;2;J;80;D00001;445,28;05-10-2022;2022100;10;
14;J;16,0125;N;2;J;80;D00038;92,2625;07-10-2022;2022101;10;
14;J;36,8496;N;2;J;80;D00007;254,2896;07-10-2022;2022102;10;
14;J;1,323;N;2;J;80;D00007;16,023;07-10-2022;2022104;10;
14;J;67,6725;N;2;J;80;D00037;389,9225;09-10-2022;2022103;10;
14;J;8,61;N;2;J;80;D00037;49,61;10-10-2022;2022105;10;
14;J;77,28;N;2;J;80;D00003;445,28;10-10-2022;2022106;10;
14;J;80,3985;N;2;J;80;D00023;463,2485;14-10-2022;2022107;10;
14;J;171,948;N;2;J;80;D00001;990,748;06-11-2022;2022108;11;
14;J;48,195;N;2;J;80;D00039;277,695;06-11-2022;2022109;11;
14;J;98,175;N;2;J;80;D00014;565,675;06-11-2022;2022110;11;
14;J;143,6925;N;2;J;80;D00003;827,9425;06-11-2022;2022111;11;
14;J;725,0355;N;2;J;80;D00040;4177,5855;06-11-2022;2022112;11;
14;J;20,265;N;2;J;80;D00041;116,765;06-11-2022;2022113;11;
14;J;503,958;N;2;J;80;D00040;2903,758;06-11-2022;2022114;11;
14;J;11,025;N;2;J;80;D00005;63,525;06-11-2022;2022115;11;
14;J;11,025;N;2;J;80;D00006;63,525;06-11-2022;2022116;11;
14;J;458,5875;N;2;J;80;D00010;2642,3375;21-11-2022;2022117b;11;
14;J;13,23;N;2;J;80;D00007;76,23;27-11-2022;2022118;11;
14;J;189,4725;N;2;J;80;D00007;1091,7225;17-12-2022;2022119;12;
14;J;90,5625;N;2;J;80;D00001;521,8125;17-12-2022;2022120;12;
14;J;164,64;N;2;J;80;D00003;948,64;17-12-2022;2022121;12;
14;J;128,2575;N;2;J;80;D00037;739,0075;20-12-2022;2022122;12;
14;J;1935,273;N;2;J;80;D00004;13042,973;20-12-2022;2022123;12;
14;J;213,5574;N;2;J;80;D00042;1230,4974;27-12-2022;2022124;12;
14;J;38,64;N;2;J;80;D00001;222,64;27-12-2022;2022125;12;
14;J;50,715;N;2;J;80;D00003;292,215;27-12-2022;2022126;12;
14;J;151,62;N;2;J;80;D00003;873,62;14-01-2023;2023001;1;
14;J;456,75;N;2;J;80;D00008;2631,75;14-01-2023;2023002;1;
14;J;230,58;N;2;J;80;D00043;1328,58;14-01-2023;2023003;1;
14;J;38,64;N;2;J;80;D00001;222,64;14-01-2023;2023004;1;
14;J;45,0912;N;2;J;80;D00007;259,8112;14-01-2023;2023005;1;
14;J;182,9625;N;2;J;80;D00014;1054,2125;29-01-2023;2023006;1;
14;J;1481,8392;N;2;J;80;D00042;8915,3592;29-01-2023;2023007;1;
14;J;277,3575;N;2;J;80;D00008;1598,1075;29-01-2023;2023008;1;
14;J;49,812;N;2;J;80;D00041;287,012;30-01-2023;2023009;1;
14;J;194,46;N;2;J;80;D00040;1120,46;11-02-2023;2023010;2;
14;J;229,425;N;2;J;80;D00003;1321,925;11-02-2023;2023011;2;
14;J;108,675;N;2;J;80;D00001;626,175;11-02-2023;2023012;2;
14;J;144,48;N;2;J;80;D00037;832,48;21-02-2023;2023014;2;
14;J;171,57;N;2;J;80;D00008;988,57;21-02-2023;2023013;2;
14;J;49,0875;N;2;J;80;D00014;282,8375;21-02-2023;2023015;2;
14;J;18,9;N;2;J;80;D00010;108,9;24-02-2023;2023016;2;
14;J;607,152;N;2;J;80;D00018;3498,352;24-02-2023;2023017;2;
14;J;419,58;N;2;J;80;D00018;2417,58;24-02-2023;2023018;2;
14;J;275,478;N;2;J;80;D00001;1587,278;24-02-2023;2023019;2;
14;J;1164,1518;N;2;J;80;D00015;6707,7318;28-02-2023;2023020;2;
14;J;75,516;N;2;J;80;D00025;435,116;09-03-2023;2023021;3;
14;J;115,92;N;2;J;80;D00001;667,92;12-03-2023;2023022;3;
14;J;154,56;N;2;J;80;D00003;890,56;12-03-2023;2023023;3;
14;J;32,382;N;2;J;80;D00044;186,582;12-03-2023;2023024;3;
14;J;84,8925;N;2;J;80;D00007;489,1425;12-03-2023;2023025;3;
14;J;360,4902;N;2;J;80;D00022;2077,1102;28-03-2023;2023026;3;
14;J;1754,403;N;2;J;80;D00045;10108,703;28-03-2023;2023027;3;
14;J;67,3239;N;2;J;80;D00042;387,9139;06-04-2023;2023028;4;
14;J;223,5597;N;2;J;80;D00001;1288,1297;06-04-2023;2023029;4;
14;J;107,415;N;2;J;80;D00008;618,915;06-04-2023;2023030;4;
14;J;382,8375;N;2;J;80;D00046;2831,5875;07-04-2023;2023031;4;
14;J;250,95;N;2;J;80;D00022;1445,95;07-04-2023;2023032;4;
14;J;181,086;N;2;J;80;D00015;1120,486;07-04-2023;2023033;4;
14;J;168,735;N;2;J;80;D00003;972,235;07-04-2023;2023034;4;
14;J;194,3724;N;2;J;80;D00047;1260,7324;10-04-2023;2023035;4;
14;J;37,5375;N;2;J;80;D00014;216,2875;21-04-2023;2023036;4;
14;J;233,3745;N;2;J;80;D00048;1397,4245;21-04-2023;2023037;4;
14;J;129,3915;N;2;J;80;D00046;745,5415;21-04-2023;2023038;4;
14;J;60,2175;N;2;J;80;D00007;346,9675;21-04-2023;2023039;4;
14;J;125,7825;N;2;J;80;D00047;745,0325;21-04-2023;2023040;4;
14;J;118,8075;N;2;J;80;D00001;684,5575;25-04-2023;2023041;4;
14;J;109,1895;N;2;J;80;D00003;629,1395;25-04-2023;2023042;4;
14;J;292,215;N;2;J;80;D00001;1683,715;30-04-2023;2023043;4;
14;J;149,73;N;2;J;80;D00003;862,73;30-04-2023;2023044;4;
14;J;150,15;N;2;J;80;D00049;885,15;30-04-2023;2023045;4;
14;J;80,85;N;2;J;80;D00050;465,85;13-05-2023;2023046;5;
14;J;189,5775;N;2;J;80;D00001;1092,3275;13-05-2023;2023048;5;
14;J;103,4775;N;2;J;80;D00003;596,2275;13-05-2023;2023049;5;
14;J;6,867;N;2;J;80;D00001;39,567;13-05-2023;2023050;5;
14;J;27,4575;N;2;J;80;D00010;158,2075;13-05-2023;2023051;5;
14;J;39,375;N;2;J;80;D00005;226,875;13-05-2023;2023052;5;
14;J;34,125;N;2;J;80;D00006;196,625;13-05-2023;2023053;5;
14;J;14,8386;N;2;J;80;D00008;85,4986;21-05-2023;2023054;5;
14;J;14,8386;N;2;J;80;D00051;85,4986;21-05-2023;2023055;5;
14;J;14,8386;N;2;J;80;D00053;85,4986;21-05-2023;2023056;5;
14;J;14,8386;N;2;J;80;D00052;85,4986;21-05-2023;2023057;5;
14;J;16,2945;N;2;J;80;D00007;197,3445;21-05-2023;2023058;5;
14;J;145,833;N;2;J;80;D00010;929,533;21-05-2023;2023059;5;
14;J;165,48;N;2;J;80;D00054;953,48;25-05-2023;2023064;5;
14;J;184,7475;N;2;J;80;D00007;1064,4975;25-05-2023;2023047;5;
14;J;83,9775;N;2;J;80;D00007;544,7275;25-05-2023;2023060;5;
14;J;250,329;N;2;J;80;D00049;1516,429;25-05-2023;2023061;5;
14;J;10,8675;N;2;J;80;D00001;62,6175;25-05-2023;2023062;5;
14;J;49,56;N;2;J;80;D00003;285,56;25-05-2023;2023063;5;
14;J;1803,19104;N;2;J;80;D00055;10389,81504;01-06-2023;2023065;6;
14;J;28,2975;N;2;J;80;D00001;163,0475;01-06-2023;2023066;6;
14;J;370,398;N;2;J;80;D00007;2134,198;11-06-2023;2023067;6;
14;J;124,32;N;2;J;80;D00036;716,32;11-06-2023;2023068;6;
14;J;55,545;N;2;J;80;D00001;320,045;11-06-2023;2023069;6;
14;J;71,2425;N;2;J;80;D00003;410,4925;11-06-2023;2023070;6;
14;J;14,4375;N;2;J;80;D00006;83,1875;11-06-2023;2023071;6;
14;J;284,90952;N;2;J;80;D00056;1641,62152;11-06-2023;2023072;6;
14;J;280,56;N;2;J;80;D00055;1616,56;11-06-2023;2023073;6;
14;J;143,577;N;2;J;80;D00057;827,277;02-07-2023;2023074;7;
14;J;43,995;N;2;J;80;D00001;253,495;02-07-2023;2023075;7;
14;J;216,93;N;2;J;80;D00003;1249,93;02-07-2023;2023076;7;
14;J;305,1825;N;2;J;80;D00007;1758,4325;02-07-2023;2023077;7;
14;J;109,725;N;2;J;80;D00004;632,225;02-07-2023;2023078;7;
14;J;15,75;N;2;J;80;D00006;90,75;02-07-2023;2023079;7;
14;J;112,455;N;2;J;80;D00007;647,955;13-07-2023;2023080;7;
14;J;107,1;N;2;J;80;D00014;617,1;13-07-2023;2023081;7;
14;J;53,7075;N;2;J;80;D00009;309,4575;13-07-2023;2023082;7;
14;J;330,9225;N;2;J;80;D00036;2036,5725;13-07-2023;2023083;7;
14;J;6,93;N;2;J;80;D00003;39,93;13-07-2023;2023084;7;
14;J;101,8353;N;2;J;80;D00007;586,7653;14-07-2023;2023085;7;
14;J;0;N;2;J;80;D00058;218,93;17-07-2023;2023086;7;
14;J;221,13;N;2;J;80;D00059;1416,13;17-07-2023;2023087;7;
14;J;715,4208;N;2;J;80;D00022;4130,3008;23-07-2023;2023088;7;
14;J;138,6525;N;2;J;80;D00007;798,9025;30-07-2023;2023089;7;
14;J;82,935;N;2;J;80;D00060;660,435;30-07-2023;2023090;7;
14;J;198,135;N;2;J;80;D00001;1141,635;30-07-2023;2023091;7;
14;J;60,375;N;2;J;80;D00003;347,875;30-07-2023;2023092;7;
14;J;32,2875;N;2;J;80;D00001;186,0375;31-07-2023;2023093;7;
14;J;251,265;N;2;J;80;D00025;1447,765;31-07-2023;2023094;7;
14;J;1260;N;2;J;80;D00061;7260;04-08-2023;2023095;8;
14;J;58,17;N;2;J;80;D00007;335,17;11-08-2023;2023096;8;
14;J;172,305;N;2;J;80;D00003;992,805;20-08-2023;2023097;8;
14;J;185,955;N;2;J;80;D00001;1071,455;20-08-2023;2023098;8;
14;J;49,875;N;2;J;80;D00005;287,375;20-08-2023;2023099;8;
14;J;57,75;N;2;J;80;D00006;332,75;20-08-2023;2023100;8;
14;J;66,78;N;2;J;80;D00007;384,78;20-08-2023;2023101;8;
14;J;154,35;N;2;J;80;D00014;889,35;20-08-2023;2023102;8;
14;J;57,645;N;2;J;80;D00025;332,145;20-08-2023;2023103;8;
14;J;361,9539;N;2;J;80;D00018;2085,5439;20-08-2023;2023104;8;
14;J;22,785;N;2;J;80;D00056;131,285;20-08-2023;2023105;8;
14;J;146,4225;N;2;J;80;D00036;843,6725;20-08-2023;2023106;8;
14;J;90,195;N;2;J;80;D00043;519,695;20-08-2023;2023107;8;
14;J;501,9;N;2;J;80;D00063;2891,9;13-09-2023;2023108;9;
14;J;135,66;N;2;J;80;D00046;781,66;26-08-2023;2023109;8;
14;J;93,276;N;2;J;80;D00062;929,676;26-08-2023;2023110;8;
14;J;47,6475;N;2;J;80;D00007;335,3975;09-09-2023;2023111;9;
14;J;38,64;N;2;J;80;D00003;222,64;09-09-2023;2023112;9;
14;J;137,97;N;2;J;80;D00001;794,97;09-09-2023;2023113;9;
14;J;80,85;N;2;J;80;D00021;465,85;13-09-2023;2023114;9;
14;J;77,7;N;2;J;80;D00001;447,7;13-09-2023;2023115;9;
14;J;9,7125;N;2;J;80;D00018;55,9625;13-09-2023;2023116;9;
14;J;170,94;N;2;J;80;D00064;984,94;19-09-2023;2023117;9;
14;J;131,808;N;2;J;80;D00007;869,008;19-09-2023;2023118;9;
14;J;18,7425;N;2;J;80;D00043;107,9925;19-09-2023;2023119;9;
14;J;303,468;N;2;J;80;D00049;1898,668;19-09-2023;2023120;9;
14;J;64,68;N;2;J;80;D00025;372,68;19-09-2023;2023121;9;
14;J;189;N;2;J;80;D00003;1089;21-09-2023;2023122;9;
14;J;94,5;N;2;J;80;D00001;544,5;21-09-2023;2023123;9;
14;J;35,91;N;2;J;80;D00007;206,91;01-10-2023;2023124;10;
14;J;93,03;N;2;J;80;D00037;536,03;06-10-2023;2023125;10;
14;J;448,875;N;2;J;80;D00001;2586,375;06-10-2023;2023126;10;
14;J;136,08;N;2;J;80;D00006;784,08;06-10-2023;2023127;10;
14;J;170,1;N;2;J;80;D00005;980,1;06-10-2023;2023128;10;
14;J;97,125;N;2;J;80;D00003;559,625;06-10-2023;2023129;10;
14;J;62,16;N;2;J;80;D00007;358,16;12-10-2023;2023130;10;
14;J;120,435;N;2;J;80;D00065;693,935;23-10-2023;2023131;10;
14;J;207,8025;N;2;J;80;D00049;1319,0525;23-10-2023;2023132;10;
14;J;468,3;N;2;J;80;D00043;2698,3;23-10-2023;2023133;10;
14;J;758,022;N;2;J;80;D00007;4379,822;29-10-2023;2023134;10;
14;J;7,875;N;2;J;80;D00001;45,375;29-10-2023;2023135;10;
14;J;126;N;2;J;80;D00003;726;29-10-2023;2023136;10;
14;J;19,677;N;2;J;80;D00001;113,377;30-10-2023;2023137;10;
14;J;332,9235;N;2;J;80;D00037;1918,2735;02-11-2023;2023138;11;
14;J;7,77;N;2;J;80;D00007;44,77;02-11-2023;2023140;11;
14;J;47,25;N;2;J;80;D00066;272,25;07-11-2023;2023141;11;
14;J;96,075;N;2;J;80;D00001;553,575;13-11-2023;2023142;11;
14;J;235,9875;N;2;J;80;D00003;1359,7375;13-11-2023;2023143;11;
14;J;300,51;N;2;J;80;D00036;1731,51;13-11-2023;2023144;11;
14;J;48,825;N;2;J;80;D00014;281,325;13-11-2023;2023145;11;
14;J;62,16;N;2;J;80;D00007;358,16;13-11-2023;2023146;11;
14;J;261,975;N;2;J;80;D00007;1509,475;26-11-2023;2023147;11;
14;J;100,8;N;2;J;80;D00014;580,8;26-11-2023;2023148;11;
14;J;80,6925;N;2;J;80;D00026;464,9425;26-11-2023;2023149;11;
14;J;193,2;N;2;J;80;D00003;1113,2;03-12-2023;2023150;12;
14;J;102,375;N;2;J;80;D00001;589,875;03-12-2023;2023151;12;
14;J;58,59;N;2;J;80;D00007;337,59;03-12-2023;2023152;12;
14;J;131,25;N;2;J;80;D00023;756,25;14-12-2023;2023153;12;
14;J;61,95;N;2;J;80;D00036;356,95;14-12-2023;2023154;12;
14;J;130,095;N;2;J;80;D00004;749,595;14-12-2023;2023155;12;
14;J;262,3425;N;2;J;80;D00007;1511,5925;21-12-2023;2023156;12;
14;J;78,75;N;2;J;80;D00001;453,75;21-12-2023;2023157;12;
14;J;819,315;N;2;J;80;D00037;4720,815;25-12-2023;2023158;12;
14;J;40,6875;N;2;J;80;D00003;234,4375;25-12-2023;2023159;12;
